date,temp_max,temp_min,precipitation
2024-01-01,0.6,-2.4,2.2
2024-01-02,3.0,-3.1,0.0
2024-01-03,3.3,-1.3,0.3
2024-01-04,1.1,-6.3,0.0
2024-01-05,0.2,-6.4,0.0
2024-01-06,1.8,-2.0,1.0
2024-01-07,1.0,-4.3,5.0
2024-01-08,3.7,-3.1,0.2
2024-01-09,4.0,0.8,21.0
2024-01-10,6.3,-0.1,11.7
2024-01-11,2.2,-0.9,3.9
2024-01-12,2.8,-3.5,0.0
2024-01-13,5.8,-2.4,16.2
2024-01-14,-2.6,-7.1,0.0
2024-01-15,-7.4,-13.8,0.0
2024-01-16,-5.8,-11.1,1.7
2024-01-17,-7.3,-14.1,0.0
2024-01-18,-2.8,-9.6,0.0
2024-01-19,-4.0,-11.2,0.1
2024-01-20,-7.2,-14.6,0.1
2024-01-21,-1.3,-9.9,0.2
2024-01-22,-0.3,-6.4,0.3
2024-01-23,1.0,-3.2,4.4
2024-01-24,2.2,0.5,8.0
2024-01-25,3.7,0.5,4.1
2024-01-26,6.8,1.2,26.9
2024-01-27,4.8,0.5,0.0
2024-01-28,3.2,-0.3,1.2
2024-01-29,4.2,-1.1,0.0
2024-01-30,2.5,-2.8,0.2
2024-01-31,5.0,-2.0,0.0
2024-02-01,4.9,1.3,0.1
2024-02-02,3.1,-1.2,0.2
2024-02-03,2.2,-5.4,0.0
2024-02-04,4.5,-4.8,0.0
2024-02-05,3.8,-1.8,0.0
2024-02-06,2.5,-3.8,0.0
2024-02-07,4.3,-1.6,0.0
2024-02-08,4.8,-2.2,0.0
2024-02-09,13.4,1.6,1.0
2024-02-10,10.1,2.2,0.0
2024-02-11,4.4,-2.0,0.0
2024-02-12,3.5,-2.5,0.3
2024-02-13,5.0,-4.0,0.9
2024-02-14,0.8,-6.8,0.0
2024-02-15,0.2,-6.8,5.4
2024-02-16,0.8,-3.8,0.6
2024-02-17,-2.8,-7.6,0.4
2024-02-18,1.0,-6.3,0.5
2024-02-19,-1.0,-12.4,0.4
2024-02-20,3.3,-5.9,0.0
2024-02-21,8.2,-3.1,0.0
2024-02-22,8.9,2.0,3.2
2024-02-23,10.5,-2.5,0.0
2024-02-24,-3.2,-12.9,0.0
2024-02-25,4.8,-7.8,0.1
2024-02-26,6.9,-1.5,0.7
2024-02-27,13.1,0.7,0.1
2024-02-28,15.0,-3.7,6.5
2024-02-29,-2.5,-6.1,0.0
2024-03-01,7.2,-5.7,0.0
2024-03-02,6.6,2.2,2.0
2024-03-03,7.7,2.9,0.0
2024-03-04,11.8,2.6,0.0
2024-03-05,14.9,5.0,2.6
2024-03-06,11.4,5.4,1.7
2024-03-07,8.6,-0.1,0.3
2024-03-08,7.1,0.9,0.0
2024-03-09,9.4,6.2,15.7
2024-03-10,5.8,-0.9,0.1
2024-03-11,8.0,-1.5,0.2
2024-03-12,11.1,0.0,0.0
2024-03-13,19.2,5.3,0.5
2024-03-14,11.1,1.1,4.2
2024-03-15,11.6,4.0,13.5
2024-03-16,8.9,-3.0,0.2
2024-03-17,7.4,0.9,3.9
2024-03-18,4.1,-2.5,0.5
2024-03-19,1.7,-1.8,1.2
2024-03-20,1.5,-1.9,0.5
2024-03-21,-0.4,-5.6,0.0
2024-03-22,-2.3,-7.4,4.7
2024-03-23,1.9,-5.3,3.2
2024-03-24,0.8,-9.9,0.0
2024-03-25,7.7,-1.6,0.0
2024-03-26,8.9,3.9,2.5
2024-03-27,10.7,5.2,5.0
2024-03-28,8.9,-3.6,0.0
2024-03-29,6.8,-2.3,0.0
2024-03-30,6.1,-3.0,0.0
2024-03-31,6.7,-0.4,0.3
2024-04-01,10.2,0.4,0.0
2024-04-02,7.2,4.1,2.3
2024-04-03,5.8,2.9,41.1
2024-04-04,3.7,1.4,11.9
2024-04-05,6.1,-0.6,2.5
2024-04-06,12.1,2.2,0.0
2024-04-07,12.3,1.6,0.0
2024-04-08,11.8,2.8,0.1
2024-04-09,14.8,3.1,0.0
2024-04-10,16.4,5.8,0.0
2024-04-11,12.2,7.4,13.9
2024-04-12,11.9,6.9,35.3
2024-04-13,12.1,3.2,6.6
2024-04-14,14.6,4.5,4.7
2024-04-15,16.5,4.1,0.1
2024-04-16,14.1,4.5,0.0
2024-04-17,9.9,4.4,8.0
2024-04-18,16.2,6.9,3.9
2024-04-19,15.8,6.4,1.9
2024-04-20,10.7,4.0,0.8
2024-04-21,9.5,0.6,0.1
2024-04-22,10.2,-0.8,0.0
2024-04-23,15.9,6.6,0.1
2024-04-24,10.6,5.8,6.5
2024-04-25,6.8,-0.9,0.0
2024-04-26,10.2,-2.1,0.0
2024-04-27,15.4,6.0,7.8
2024-04-28,20.4,12.7,2.9
2024-04-29,15.6,7.6,7.9
2024-04-30,14.2,8.1,9.4
2024-05-01,14.1,6.0,0.2
2024-05-02,16.7,10.0,0.0
2024-05-03,14.9,8.6,1.7
2024-05-04,16.5,11.4,0.5
2024-05-05,18.0,10.9,11.0
2024-05-06,18.7,8.1,0.0
2024-05-07,17.5,7.1,0.0
2024-05-08,20.3,9.2,2.0
2024-05-09,14.2,7.2,0.3
2024-05-10,15.3,7.6,0.2
2024-05-11,14.9,6.2,2.1
2024-05-12,16.2,7.8,1.3
2024-05-13,21.8,9.4,0.7
2024-05-14,19.7,12.1,3.9
2024-05-15,18.7,11.0,0.4
2024-05-16,19.4,10.4,0.1
2024-05-17,17.6,11.5,6.1
2024-05-18,19.7,12.3,0.9
2024-05-19,20.2,11.4,0.0
2024-05-20,23.6,11.4,0.5
2024-05-21,26.0,14.9,2.1
2024-05-22,24.7,14.4,6.8
2024-05-23,24.5,14.6,0.0
2024-05-24,23.1,13.9,0.0
2024-05-25,19.2,12.1,3.6
2024-05-26,20.7,11.6,0.0
2024-05-27,23.4,14.8,34.3
2024-05-28,20.4,14.6,1.1
2024-05-29,19.5,11.4,0.5
2024-05-30,18.8,8.6,0.0
2024-05-31,21.0,9.1,0.0
2024-06-01,21.5,8.0,0.0
2024-06-02,18.5,14.0,3.6
2024-06-03,21.3,15.1,1.2
2024-06-04,23.3,13.9,0.0
2024-06-05,23.0,15.8,0.0
2024-06-06,23.9,17.2,6.1
2024-06-07,21.5,14.6,4.8
2024-06-08,21.0,12.4,0.5
2024-06-09,18.3,11.4,8.1
2024-06-10,17.4,11.1,0.7
2024-06-11,16.1,10.4,0.0
2024-06-12,20.6,11.1,0.0
2024-06-13,27.5,15.8,0.1
2024-06-14,24.9,15.2,9.0
2024-06-15,21.5,12.7,0.0
2024-06-16,20.6,12.1,0.0
2024-06-17,28.5,14.3,0.2
2024-06-18,29.5,20.0,0.1
2024-06-19,30.1,21.2,0.0
2024-06-20,28.0,21.5,15.9
2024-06-21,26.4,20.1,3.2
2024-06-22,22.5,18.8,2.0
2024-06-23,27.5,17.9,7.2
2024-06-24,27.4,16.6,0.0
2024-06-25,24.5,15.1,4.1
2024-06-26,28.4,17.9,6.5
2024-06-27,22.1,14.1,0.0
2024-06-28,21.8,11.1,0.0
2024-06-29,27.1,17.2,11.0
2024-06-30,25.3,17.0,0.1
2024-07-01,23.9,11.3,0.0
2024-07-02,23.1,12.7,0.0
2024-07-03,27.4,18.9,5.0
2024-07-04,28.0,18.0,0.1
2024-07-05,27.2,18.1,2.8
2024-07-06,27.2,18.5,1.8
2024-07-07,25.5,15.9,0.3
2024-07-08,26.9,16.2,0.0
2024-07-09,28.4,20.1,0.5
2024-07-10,26.4,19.9,27.6
2024-07-11,26.2,19.0,11.5
2024-07-12,25.9,17.0,0.2
2024-07-13,26.2,17.6,0.4
2024-07-14,27.4,17.0,4.6
2024-07-15,25.7,19.9,6.5
2024-07-16,29.0,20.4,11.5
2024-07-17,26.8,19.4,1.7
2024-07-18,22.9,15.4,0.0
2024-07-19,22.9,12.7,0.0
2024-07-20,25.4,14.3,0.3
2024-07-21,25.8,17.0,0.9
2024-07-22,26.0,15.2,0.0
2024-07-23,26.3,17.6,0.4
2024-07-24,26.2,18.6,2.0
2024-07-25,24.1,15.4,0.0
2024-07-26,25.1,15.1,0.0
2024-07-27,26.1,14.8,0.0
2024-07-28,28.0,16.4,0.0
2024-07-29,28.1,18.0,0.0
2024-07-30,27.6,20.5,6.3
2024-07-31,30.9,20.6,2.5
2024-08-01,28.9,20.5,0.0
2024-08-02,26.9,21.1,13.2
2024-08-03,27.8,21.0,0.0
2024-08-04,30.9,19.5,0.0
2024-08-05,27.4,19.2,3.4
2024-08-06,23.9,18.9,5.7
2024-08-07,23.1,16.2,0.0
2024-08-08,24.0,18.2,0.2
2024-08-09,28.6,20.1,20.6
2024-08-10,23.7,15.9,0.3
2024-08-11,21.9,14.9,1.5
2024-08-12,24.6,14.8,0.3
2024-08-13,25.8,15.8,0.1
2024-08-14,27.4,16.4,0.0
2024-08-15,26.6,17.0,0.0
2024-08-16,26.6,18.8,0.0
2024-08-17,24.5,21.0,6.7
2024-08-18,25.2,20.1,7.2
2024-08-19,21.6,16.3,0.9
2024-08-20,19.1,12.2,0.0
2024-08-21,20.8,12.1,0.0
2024-08-22,24.7,13.1,0.1
2024-08-23,23.9,12.4,0.0
2024-08-24,24.5,13.0,0.0
2024-08-25,25.5,15.7,0.2
2024-08-26,26.0,16.5,0.0
2024-08-27,29.6,19.3,0.3
2024-08-28,27.2,19.9,1.5
2024-08-29,20.4,17.1,0.0
2024-08-30,24.3,15.7,0.0
2024-08-31,27.5,20.5,6.7
2024-09-01,25.9,17.6,0.3
2024-09-02,20.0,12.9,0.0
2024-09-03,21.8,10.0,0.0
2024-09-04,23.5,11.9,0.0
2024-09-05,24.5,16.6,0.0
2024-09-06,24.4,18.1,13.5
2024-09-07,17.6,12.1,8.2
2024-09-08,18.8,9.1,0.2
2024-09-09,19.1,13.4,9.6
2024-09-10,20.9,10.9,0.0
2024-09-11,22.2,11.8,0.0
2024-09-12,23.7,14.1,0.0
2024-09-13,25.0,15.3,0.0
2024-09-14,23.7,16.5,0.0
2024-09-15,24.2,17.0,0.0
2024-09-16,24.2,15.6,0.0
2024-09-17,23.0,16.3,0.0
2024-09-18,22.6,16.2,0.0
2024-09-19,23.6,15.4,0.0
2024-09-20,23.0,15.2,0.0
2024-09-21,23.4,15.9,3.3
2024-09-22,22.9,15.4,0.2
2024-09-23,21.5,18.2,20.2
2024-09-24,18.9,17.0,3.8
2024-09-25,21.6,17.1,15.9
2024-09-26,23.5,15.1,0.0
2024-09-27,21.0,14.5,0.0
2024-09-28,21.0,17.7,0.2
2024-09-29,22.2,17.1,0.6
2024-09-30,20.8,15.6,0.0
2024-10-01,21.8,16.8,0.8
2024-10-02,19.5,11.4,20.5
2024-10-03,22.3,10.1,0.0
2024-10-04,21.0,11.1,0.9
2024-10-05,18.1,8.8,0.8
2024-10-06,21.5,12.9,29.3
2024-10-07,17.0,10.4,0.1
2024-10-08,15.9,8.1,0.1
2024-10-09,13.6,5.9,0.1
2024-10-10,13.9,4.7,0.0
2024-10-11,20.8,4.8,0.0
2024-10-12,19.4,8.1,0.0
2024-10-13,12.9,7.6,0.4
2024-10-14,10.8,5.4,2.6
2024-10-15,10.2,3.0,0.3
2024-10-16,10.2,4.6,0.0
2024-10-17,13.1,2.0,0.0
2024-10-18,16.0,2.5,0.0
2024-10-19,16.9,4.0,0.0
2024-10-20,20.4,8.1,0.0
2024-10-21,22.9,13.6,0.0
2024-10-22,20.5,10.4,0.0
2024-10-23,21.4,12.7,0.2
2024-10-24,11.9,7.3,0.0
2024-10-25,13.1,4.6,1.9
2024-10-26,12.8,5.9,0.5
2024-10-27,12.3,2.0,0.0
2024-10-28,10.1,2.5,0.1
2024-10-29,16.1,6.8,9.3
2024-10-30,21.0,14.7,0.0
2024-10-31,21.3,15.6,0.0
2024-11-01,19.8,8.4,0.4
2024-11-02,9.3,4.7,0.0
2024-11-03,8.7,2.5,0.0
2024-11-04,15.2,8.2,0.1
2024-11-05,20.4,14.4,0.6
2024-11-06,20.1,15.6,1.9
2024-11-07,15.6,9.1,0.0
2024-11-08,12.4,8.2,0.0
2024-11-09,8.8,0.2,0.0
2024-11-10,12.4,3.6,5.5
2024-11-11,13.4,9.2,1.3
2024-11-12,8.1,1.8,0.0
2024-11-13,6.2,1.2,0.0
2024-11-14,9.0,5.8,0.0
2024-11-15,8.9,6.2,4.1
2024-11-16,10.6,5.4,0.0
2024-11-17,10.1,2.1,0.1
2024-11-18,12.5,6.5,0.5
2024-11-19,8.9,4.8,0.4
2024-11-20,10.0,7.8,0.8
2024-11-21,9.4,2.5,17.5
2024-11-22,6.7,3.2,2.2
2024-11-23,8.0,2.8,0.0
2024-11-24,6.4,3.2,0.0
2024-11-25,5.6,-0.3,0.0
2024-11-26,7.4,4.3,4.0
2024-11-27,4.1,0.3,0.0
2024-11-28,5.2,0.8,1.3
2024-11-29,2.2,-0.4,0.4
2024-11-30,0.4,-1.8,0.3
2024-12-01,1.7,-2.9,0.1
2024-12-02,3.1,-3.7,0.0
2024-12-03,1.7,-3.0,0.1
2024-12-04,1.5,-1.5,1.9
2024-12-05,1.5,-1.9,2.2
2024-12-06,-2.1,-6.9,0.6
2024-12-07,0.9,-3.8,1.2
2024-12-08,6.1,1.1,1.4
2024-12-09,3.8,0.6,10.7
2024-12-10,6.5,2.7,1.6
2024-12-11,5.5,2.0,5.3
2024-12-12,1.5,-6.7,0.0
2024-12-13,-3.5,-8.0,0.0
2024-12-14,-0.3,-8.2,0.0
2024-12-15,2.4,-0.9,0.8
2024-12-16,6.6,2.2,3.5
2024-12-17,8.9,3.4,13.1
2024-12-18,3.6,1.4,1.0
2024-12-19,2.0,-2.3,0.0
2024-12-20,-2.2,-3.7,2.6
2024-12-21,-3.9,-11.1,0.8
2024-12-22,-10.1,-17.0,0.0
2024-12-23,0.6,-9.9,1.9
2024-12-24,1.3,-1.1,7.1
2024-12-25,-0.9,-4.2,0.0
2024-12-26,-0.1,-4.2,0.0
2024-12-27,1.9,-0.1,0.0
2024-12-28,9.4,2.0,2.4
2024-12-29,8.6,2.2,18.9
2024-12-30,9.9,2.3,6.1
2024-12-31,4.4,-1.1,0.5
2025-01-01,3.8,1.1,4.6
2025-01-02,1.0,-2.2,0.0
2025-01-03,-0.4,-5.7,0.1
2025-01-04,-2.3,-5.8,0.8
2025-01-05,-2.2,-4.8,0.4
2025-01-06,-3.8,-9.2,0.0
2025-01-07,-5.1,-10.1,0.2
2025-01-08,-7.1,-13.1,0.1
2025-01-09,-7.2,-10.4,0.0
2025-01-10,-2.5,-11.9,0.4
2025-01-11,-2.1,-5.2,4.5
2025-01-12,0.2,-3.2,0.1
2025-01-13,1.1,-3.8,2.7
2025-01-14,-4.0,-8.3,0.2
2025-01-15,-3.5,-9.2,0.1
2025-01-16,-4.8,-7.9,1.5
2025-01-17,1.4,-4.9,0.1
2025-01-18,2.5,-2.7,3.9
2025-01-19,-3.0,-8.2,0.3
2025-01-20,-7.0,-15.6,0.2
2025-01-21,-11.4,-15.4,0.0
2025-01-22,-9.6,-18.5,0.4
2025-01-23,-4.7,-9.2,1.4
2025-01-24,-5.8,-12.6,0.2
2025-01-25,-2.5,-9.9,0.0
2025-01-26,-0.6,-3.8,0.6
2025-01-27,-1.0,-5.6,0.0
2025-01-28,0.2,-11.6,2.1
2025-01-29,1.9,-8.1,3.7
2025-01-30,-0.8,-12.5,0.0
2025-01-31,1.7,-2.0,0.7
2025-02-01,0.2,-14.7,0.1
2025-02-02,-2.4,-14.2,1.2
2025-02-03,1.2,-5.1,2.6
2025-02-04,0.2,-8.9,2.0
2025-02-05,-6.4,-10.9,0.0
2025-02-06,0.3,-7.8,2.6
2025-02-07,0.5,-8.1,0.6
2025-02-08,-2.7,-10.6,0.8
2025-02-09,-0.8,-4.9,9.3
2025-02-10,-4.3,-8.1,0.2
2025-02-11,-4.0,-10.1,0.2
2025-02-12,-5.3,-10.6,0.9
2025-02-13,1.7,-6.1,18.1
2025-02-14,-4.2,-8.1,0.0
2025-02-15,-1.0,-9.2,6.6
2025-02-16,-0.4,-7.3,21.5
2025-02-17,-6.9,-10.7,0.4
2025-02-18,-8.7,-12.6,1.7
2025-02-19,-8.8,-15.4,1.1
2025-02-20,-10.1,-12.6,0.6
2025-02-21,-6.8,-12.6,0.0
2025-02-22,-3.7,-11.4,0.0
2025-02-23,-0.4,-4.5,0.3
2025-02-24,3.8,-2.8,0.0
2025-02-25,3.9,1.5,0.3
2025-02-26,2.1,-4.4,0.0
2025-02-27,2.9,-2.1,5.4
2025-02-28,2.5,-8.1,1.0
2025-03-01,3.5,-10.8,0.4
2025-03-02,-6.2,-20.1,0.1
2025-03-03,0.8,-10.4,0.0
2025-03-04,3.8,-2.2,0.6
2025-03-05,6.5,1.7,15.1
2025-03-06,4.9,-5.2,1.7
2025-03-07,0.0,-4.0,0.0
2025-03-08,-1.2,-7.7,3.6
2025-03-09,4.3,-4.4,0.0
2025-03-10,7.4,0.2,0.0
2025-03-11,9.7,1.3,0.0
2025-03-12,0.2,-4.8,0.0
2025-03-13,6.1,-1.9,0.0
2025-03-14,7.4,-1.4,0.0
2025-03-15,13.1,5.2,1.4
2025-03-16,13.6,8.4,24.2
2025-03-17,7.1,-2.5,0.0
2025-03-18,11.6,-0.3,0.0
2025-03-19,16.5,4.4,0.0
2025-03-20,11.2,3.2,2.3
